steps,test_losses,train_losses
0,0.10767953842878342,0.07232383638620377
100,0.03538794443011284,0.034465666860342026
200,0.04739575460553169,0.0690605416893959
300,0.08123505115509033,0.0740584284067154
400,0.02394392527639866,0.00415688706561923
