steps_test,loss_test
0,0.03499704971909523
100,0.11565768718719482
200,0.08111604303121567
300,0.03332384675741196
400,0.009282085113227367
