steps_test,loss_test
0,0.04512043297290802
100,0.07134765386581421
