steps,test_losses,train_losses
0,0.04512043297290802,2.3032405376434326
100,0.07134765386581421,0.6663159132003784
