steps,test_losses,train_losses,x_reference
0,1.315231204032898,2.3113322257995605,2
100,1.363586187362671,2.2764108180999756,2
